y_test,y_pred
-0.00066529476,-0.00010750141
-7.082024e-05,0.00032452974
0.0011476754,6.423545e-05
0.0017126534,0.0001198818
-0.00025024594,0.00015735804
1.7583602e-06,0.0006026289
-0.00018428317,0.00012468449
-0.00017381969,0.00037701038
0.0002428257,3.6991612e-05
-0.0006487277,0.0006178499
-3.8225884e-05,-6.177397e-05
-0.0001861868,6.424515e-05
-0.00014760038,0.0001318336
0.00012967788,-2.1209591e-05
-0.0013077251,0.00014057444
0.0002953936,0.00016184077
-0.0002845904,0.0005323967
-0.0009658916,0.00013309246
0.0009321988,0.0006238468
0.00032055122,0.00030039507
-0.00021012596,0.00017801514
0.00042898842,0.00021197823
0.00055862893,0.0005851569
-0.00041358778,0.0002891866
-0.00036569653,0.0006043435
0.00087132637,0.00014304367
-0.00026290232,0.00020815805
0.00018759629,0.00060021464
0.0007136388,0.000506764
0.00044721185,0.00017955193
-0.00018569069,0.00014663923
-0.00057811575,-5.029727e-05
-0.00043503835,0.0005177462
-0.00018911173,0.00014759265
-0.00041727707,-0.00026399633
-0.000282063,-0.0004042862
-0.00037454726,0.0001737457
0.00046572616,0.00017171926
-0.00010866491,-0.0008273115
-0.00026309138,0.00012782273
0.00010315315,0.00013110803
-0.0009007465,0.00041848293
0.0003244344,0.00017324314
1.7183398e-10,0.00018396195
-7.5086435e-05,0.00019755882
-0.00026769692,-0.00029599763
-0.0022563583,-0.00096368254
0.0005955299,8.091393e-06
-0.00044152976,0.00030346867
-0.0008793606,-0.0012073661
0.0012699293,-4.8438887e-05
-0.00022493966,0.00017003865
-0.00042176142,9.1445356e-05
8.50089e-05,0.00013273532
3.524312e-05,0.00021842276
0.00057430076,-0.00012246701
-0.0002439727,6.6431574e-05
-0.0013064856,0.0005254722
-0.00022115019,0.00014408598
0.002180477,0.00050305855
0.00071935775,-3.9523515e-05
-0.0003353791,-5.2987878e-05
-0.00016332066,0.0002307527
-0.0017038767,-0.0006447443
0.00056969846,1.4830039e-05
4.3310038e-06,0.00018025973
-0.0006694446,-1.9716425e-05
-0.0010038203,-0.0009930935
-0.00011893933,0.00012621967
-0.0002321017,-9.997901e-05
-0.00028388583,0.00029095772
0.00052256347,0.00014396316
-5.2679293e-06,0.00026859253
0.00010307881,0.00013734895
1.0521065e-07,0.00020447683
0.00017202631,7.8635465e-05
0.001166025,0.00032561246
-0.00013939927,1.3012059e-05
0.0005638421,-0.00066112715
4.1694057e-06,-0.0001040319
-0.00025186676,-2.637427e-05
0.00021414203,0.00028562982
0.00012355008,0.00018410254
-0.0013369195,-0.001244613
-2.9654715e-05,-0.00064532284
0.0009762165,-0.00012518025
-0.0004170896,0.0003128753
0.00018722947,0.0002848461
1.7183398e-10,0.00021399496
-0.000105966225,0.00021196691
0.001743042,4.6419253e-05
-0.0006729836,-6.814902e-05
1.7183398e-10,0.0002996727
-0.0012082937,-0.0007197356
0.00021241131,0.00027428888
-3.3242195e-05,0.00030387266
-0.000756887,0.00027697303
0.0007564397,-0.00017970832
-0.0016116315,-7.144401e-05
0.0016428801,0.0005155695
0.0019853585,-3.317109e-05
0.0011478742,0.00059276656
0.0013567625,0.0005107135
-0.00040238095,0.00019897119
0.0001206106,0.00022058333
0.0024391375,-0.00023879186
4.2534433e-05,-7.860927e-05
0.0011609524,0.00014879656
0.00022795868,7.878576e-05
0.00046369003,-6.90669e-05
6.704241e-05,0.0004464168
0.00012210701,0.00024526424
-0.0008427344,0.0002557277
0.0004042526,0.00033670617
0.00014277219,0.00033584
0.00024431563,-0.00014378181
-0.000105984,-0.00089106034
-2.6640908e-05,0.00021747418
-0.0002674917,0.00014861718
-1.0648298e-07,0.00022712805
-0.00037201826,0.00053877826
0.00046066812,0.00035250402
0.0009284319,0.00027804927
-0.0001847615,0.00036220314
0.00073330046,0.00032221244
0.001821897,-8.2849605e-05
0.0012194623,0.0001319548
0.0016723104,0.0005460518
-4.777795e-05,0.00022263563
-0.00024040784,0.00028527432
0.0005784441,0.00029645045
8.795962e-06,0.00013170109
-0.0012026831,0.00061529176
-0.00015656585,0.00026510688
-0.0007361992,7.5713775e-05
-0.0006997378,2.4907302e-05
-0.0003179879,0.00020082472
-0.000104216124,0.00032228677
-0.00038167537,-0.00028533698
-0.0012260777,0.0003091941
0.0011033717,0.00052656786
0.00036933608,9.665367e-05
-0.0007008755,-0.00023806305
9.230829e-05,0.00016945528
0.00070642505,-0.0007785444
-0.00028160893,-0.000819377
-0.00048056702,0.00027934852
0.0005336847,9.447694e-05
-3.5743735e-05,0.00022331435
-4.4649412e-05,0.00023542774
0.000101882986,0.00045255106
0.00049415935,-5.72169e-05
-0.0004188268,0.0004107133
0.000894018,-0.0003581984
0.0006905706,0.0005004342
0.00027492395,0.00015737905
-0.0001282991,0.0001360998
-0.00029485673,0.00025237454
1.367138e-05,0.00021179239
-0.00075406226,0.00062139856
0.00021235959,6.6124536e-05
0.00010205589,0.00028547793
-0.00023543547,0.00014820189
-0.00020499683,0.000172461
-0.00020063529,-0.0006006587
-0.0004126893,0.00020077947
-0.001002993,0.0005856821
0.0003717649,0.00036931183
-0.00017156862,0.00021046566
-0.00084381393,-0.0008036293
0.00015751479,0.0001516714
-7.1810835e-05,0.00012665277
0.0011228055,-9.705571e-05
0.00034230395,0.00011319487
-0.00018924585,0.00020625927
-6.985065e-05,0.00022973787
2.3640372e-05,6.398982e-05
0.00043517438,0.0005918099
-0.00023967258,0.00013054405
-0.00032056216,0.00061903923
1.0521065e-07,0.000253008
-0.0008434018,0.0005826408
6.742702e-05,0.00045949654
0.0065257633,-0.0014354863
0.0003043122,7.136678e-05
-0.00064814923,-0.00064833666
0.00021022165,0.00060753344
1.3918625e-05,0.0003240692
1.7183398e-10,0.00018619523
-5.3002423e-05,0.00010892382
-0.0002975522,0.00042654504
-3.7653826e-05,0.0006298243
0.00086255645,0.00014881758
0.00021748387,0.00028430796
9.5208976e-05,0.0006099897
0.00019625472,0.00026205266
0.00037053193,-0.00012474555
0.00021078401,0.0002841108
0.00012343534,-0.00014581635
-8.6493645e-05,0.00026225141
-0.0008165636,0.00026789928
-7.7869154e-05,0.00042530237
-0.00018154246,0.0005881012
0.00064123794,-0.000116833704
-0.0009736176,-0.0004665112
-6.635689e-05,-0.0001489772
0.00038401727,-7.216151e-05
-0.00056775735,0.00017559601
0.0015351896,0.0002281138
0.00026162926,2.837843e-05
-0.0003264799,0.00019461935
0.0020619787,0.0005026546
0.0005518338,0.00060503837
0.00058258587,7.601273e-05
-0.00019689107,1.1066417e-05
-0.0011206494,-0.0004120833
-0.0006947008,0.0004640439
9.5108786e-05,0.00033913983
3.965475e-05,0.00046030775
-7.184477e-05,-0.00040903557
-0.00017900861,0.000253168
0.0011037369,-0.00011827839
-0.0005987535,0.00059201516
0.0009840992,0.00027767598
-0.00010756443,-0.00014876874
0.00045890833,-2.194163e-05
-0.00015786187,-1.5854226e-05
-8.114636e-05,0.00027554773
0.0002597612,0.00022410294
-9.626387e-05,0.0005079857
7.3131436e-05,6.3858926e-05
-0.00039219865,0.0006068919
0.00036050312,0.00031363318
0.0034635083,-0.0013938586
-0.00015886217,0.00018224254
9.238741e-06,-0.00014824032
1.33724225e-05,0.00011782142
0.00034997016,0.00029749275
-0.0010972144,-0.000102566206
0.00015105894,0.00020647096
0.0008759836,0.0006245594
3.6817088e-05,0.0004143961
-7.907629e-05,0.00021639309
0.0011093104,4.1689273e-05
0.0006997187,-0.00012066358
-0.00032651867,0.0006261528
1.9372565e-05,0.00062917627
0.0017615741,-0.001181496
-0.00010094699,-0.00052050926
0.0006879463,-0.00014989184
3.104473e-06,-6.32429e-05
-1.57605e-05,9.55451e-05
8.155716e-05,0.0005397785
-0.00024876732,5.1847335e-05
0.0012150764,-0.0012016973
0.00018331232,0.00013961778
-0.00036614254,0.0005836589
0.00055124715,-0.0011877805
-2.2861124e-05,0.0002859789
-0.00016732344,0.0002895195
0.0008325427,-5.408998e-05
9.940407e-05,0.00017635875
0.000110935725,5.316113e-05
0.00056638406,0.0005573022
9.004423e-06,0.0005214307
-1.2762854e-05,0.0003049376
0.00035167663,0.00032369106
0.00022362138,0.0005835636
0.0013034447,-0.0012551087
0.0005912314,0.00052398717
0.00021471246,0.00016710564
-0.00017557788,0.0002415717
-0.00020986094,6.463137e-05
-0.00030419388,-5.0722272e-05
0.00019313426,0.0001852305
-0.000636031,0.0006105634
0.0003989829,0.00047469646
0.00017698413,0.00022031185
-6.243814e-05,7.4159134e-06
-0.0018142967,-0.0013721818
-0.00026513074,-1.896984e-05
0.0017155767,-0.00074724446
0.00042431985,-5.6499408e-05
0.0005156422,-0.00022726183
-0.00046691037,0.0003368678
0.00021898835,0.0002858286
-0.004533147,5.5979335e-06
-0.00051026716,-0.00134976
-3.572919e-05,0.0001840492
-0.00033431416,-0.0005012435
-0.0008057511,3.89518e-05
0.0012543852,-6.736527e-05
-4.177458e-05,0.00026549955
0.0008056108,-0.00034098656
0.00010160342,0.0001594685
0.0010809741,-2.2335931e-05
0.00015902896,0.0006267911
-0.00028627427,-0.000117452626
-0.0007625333,0.0001667889
-0.00064686773,1.5702668e-05
-2.970003e-06,0.00019534331
-0.00029899203,0.0004333758
-0.0004100504,0.0003197125
-2.6577885e-05,7.91041e-05
-0.0008303463,-0.0004983315
-0.0010938046,0.00012978453
-5.9943064e-05,0.00019237798
-7.4457814e-05,9.706413e-05
-3.7319318e-05,0.00022345816
0.00020192681,7.2816314e-05
0.0013138646,0.00033899603
-0.00031576594,-0.00072315015
0.00015928106,0.000257494
-0.00024206907,0.00022255644
0.0017966086,0.0005851456
0.0010731673,-7.2833755e-05
1.7183398e-10,0.00022749974
0.00025937983,0.00012241889
0.00052563706,5.8235313e-05
0.001151835,0.0006195418
-0.0005638402,0.00028869696
-1.0648298e-07,8.5325635e-05
-8.005234e-05,0.00015845528
-0.0002960364,0.00017466681
-0.000104170875,0.00029787252
-0.00048204404,-4.909336e-05
0.0006576612,1.2259011e-05
-0.00092891953,-0.0008497736
0.00053038803,0.00052322116
0.0009667954,0.0006315194
-0.00093751494,-6.862089e-05
1.0682664e-07,0.00014555975
0.0011879958,0.00028368097
-0.00078998716,0.00026148546
0.0012544773,-0.0013069818
0.0012780415,-5.4799395e-05
0.0012571146,-0.0007493889
-9.609581e-05,0.00020442028
0.0010988405,0.00014339757
-0.0004031954,0.0006030668
1.4707153e-06,0.00037875888
0.00067247,-0.00067926006
0.0010468608,-0.0007396251
9.951389e-06,8.440452e-05
0.0003916932,0.0002974459
-0.0012008894,-9.6827855e-05
0.00035637428,0.00033461832
-0.0017861818,-0.00077173626
-0.0005695042,0.00022554278
0.0005686658,2.2317735e-07
0.0002309547,0.00028329637
0.001089694,0.00032988674
0.000120977435,0.00028295376
-7.709995e-05,0.00032196357
0.0007169273,0.0005018611
7.115024e-05,-0.00022691277
0.00048385747,0.00018524665
0.00029609332,0.00026539774
-0.00035031402,0.00011957961
0.00019867223,1.3674611e-05
0.0014587924,0.00032134788
0.00092605484,-6.475708e-05
0.0003297736,0.000117343094
-0.00042186808,0.00037695866
-0.000707223,0.00058488705
-0.00015954896,0.00012924157
-0.00033002696,0.0004377228
-0.00020295099,0.00033208932
0.00015528797,0.00028645885
-0.00020004061,0.0001712991
0.0001209435,0.00020773627
-6.29197e-05,0.00019490375
-0.0006543255,0.0002831994
0.0002215416,0.00028281801
0.00023675608,8.7562155e-05
0.0005610093,-8.113182e-05
-2.620459e-05,0.000103806
-0.0006643203,0.000569658
0.00020786394,-0.000105203486
-5.133473e-05,2.7877475e-05
0.00028491233,-0.00014944098
-0.0007132022,-8.408099e-05
6.732359e-05,0.00011478822
0.00037946668,-0.00010523096
1.7183398e-10,0.00063243083
0.0006999288,-0.0006114874
0.00021668558,-0.00051263295
0.001302472,0.00026905793
-0.00022391352,0.00018503497
-0.00030734827,0.00033665932
-0.00029171043,0.0001759887
0.0009201565,0.00017736066
-0.0025994861,0.00010973666
0.00038641217,0.00017580608
0.000777685,0.000593573
3.1578074e-05,-0.00087136636
-0.0002223961,0.0003897944
0.0006035759,0.00023507545
-0.0003499084,0.00034251565
-0.00021382332,0.00033278743
-0.0023706954,0.0005411812
1.7183398e-10,0.00019916672
-0.0008595778,0.00013332839
0.0004789772,0.00019320051
-4.028471e-06,0.00058919523
-7.165247e-05,0.00041031739
-3.0112038e-05,0.00011150616
0.00019814704,-0.00045743425
-0.0002168339,0.00029122437
-0.00045752636,0.00028748013
-0.0011528672,0.0005060627
0.0003096401,-8.480656e-05
0.00048910297,0.00020164403
0.0002031986,0.00022464913
-0.00018087184,0.00027605676
-0.00049909105,-0.0012198901
-1.04867e-07,0.0002235745
-0.00014908062,0.00023702272
0.0009102602,-0.0007154759
-0.00070798415,0.00029927195
-0.0004347491,0.00027466216
0.00033058485,0.0001892656
0.0007765926,2.2095493e-05
-0.002081294,-0.0012284709
-0.00038548748,0.00019319082
-0.0011061863,-0.0006346978
-0.0005350644,0.000600373
0.0004281562,0.0003000654
0.00016648672,0.00017040709
-8.614298e-05,0.0005473542
-0.0004623339,0.00016362482
0.0017303663,0.00050456304
-0.00054127624,0.00017790849
6.021812e-05,0.00016165977
-0.00084399653,0.0005865111
-0.00047091153,0.0005068028
0.0009042245,0.00043224302
1.7183398e-10,0.00021142072
0.00012688385,0.00012131679
0.0009886192,-0.00057548337
-6.3341475e-05,0.00024157816
0.00092032616,-0.0005960257
0.00013615796,-0.0003217208
-0.0006210912,0.0006270981
1.7183398e-10,0.00024464368
-0.00071195624,0.0005832177
6.5033746e-05,0.00011805251
-0.00039421863,0.00027628298
0.00044565403,0.0004626768
0.00171324,-0.0010441843
-0.00040931514,0.00015337464
-0.00010917556,6.671114e-05
0.0005848046,0.00024055525
-0.00025646263,0.0001900235
-0.00019206897,-0.0001137294
-0.00047781016,0.00027372813
-7.399726e-05,-2.1935168e-05
0.0004144947,0.00022804916
0.001114341,-0.00033607235
0.00014767992,-0.00010798458
0.0010484671,0.00021505667
-0.000114261056,0.00014326668
-0.0003737296,-0.00028839443
0.0014779369,0.0003136138
0.00014486327,0.0003144412
0.00028676103,0.00058816426
-8.205455e-05,0.00014997623
-0.00033296645,0.00012741712
7.7341065e-05,0.00010286227
-7.9182944e-05,0.00022604535
-0.00023091557,0.0006276362
0.0004220252,0.00061267224
-0.00014343277,0.00011049294
0.00024485053,8.0907535e-05
0.0012472942,-0.0007764259
-0.001094115,0.00025760225
0.0009010847,0.0006395331
-0.0002980273,-0.000133669
0.00039317182,6.189228e-05
4.9883918e-05,0.00041740347
0.00026108793,-4.7474146e-05
-0.00070535013,0.0001571625
0.0007617708,-0.0005238721
-0.0004410983,0.000557863
-0.0010892961,-0.00072162953
0.00015796241,0.0006320915
0.00076125044,-0.0006144786
-7.123716e-05,0.0001282332
-0.00040573571,0.00026188622
-0.0002015467,7.503506e-05
-0.0012298041,-0.0011517506
0.0003260229,-0.00013813881
-0.00028770117,0.00052663253
-0.00069281657,0.00022504991
-0.00050100917,0.0005827669
9.230829e-05,0.00033767414
2.8859991e-05,0.00027429697
-0.00044482958,-0.00055750716
0.0008312241,0.00030687352
-0.00018368688,0.00032588234
0.00021195722,0.00024946578
0.00054624083,0.00023613716
0.0004099053,0.00044174498
0.00021281853,0.00029824418
2.9609808e-05,0.00019479549
0.00014923935,4.191874e-05
-0.00023179628,0.00015218042
0.0005701509,0.00062421034
-0.00040604116,0.00042005043
-0.0009025338,8.09544e-05
-0.00023977277,0.00026234353
7.557803e-05,0.00026069686
-0.0003010928,9.5263924e-05
0.00041563073,0.000103371305
0.00095198,4.381429e-05
-0.0007700427,-4.943595e-05
0.00022353895,0.00024881292
-0.00064267265,0.00035387115
0.0014517532,0.00016192642
-0.00031451677,0.00035960303
0.00078271393,0.00034122446
-0.0016597942,-0.0011388614
-0.00032934503,0.00021046729
0.000639769,0.0005176089
0.0006752915,0.00032525696
-0.0004998958,0.00054765964
-0.0006479036,0.00030783666
-0.0006185444,0.00025990178
-0.000107063475,9.744065e-05
-5.1889012e-05,0.00021415818
4.335852e-06,-0.0005267098
0.0006223827,0.00019645187
-2.1340486e-05,6.5992026e-05
-0.00085559435,-0.00046988376
-0.00063605036,-0.00054073165
0.000115987285,0.00014220174
-0.0005954375,0.00021556085
0.00019128881,0.000222613
0.00021245494,-7.5393466e-05
0.00040983743,0.0001395289
-0.0007110739,7.557641e-05
0.00010532018,0.000299886
-0.00030582442,0.00033629732
0.0011575167,-0.0004255493
0.00020139031,0.00022392033
0.001742958,0.00032898178
-0.0003212037,-0.00017488786
0.00034335916,0.00019857366
-0.00012716468,0.00026635602
-0.0017445767,0.00032639946
-0.00015392048,0.00025899036
0.00033357926,0.00028217488
0.00032731247,0.00019228748
-0.00027786955,-0.00024325197
-1.0648298e-07,0.00011358755
2.064919e-05,0.0006334586
0.00021815451,0.00030246674
-0.002569285,-0.00011623902
0.00023918813,0.00023970848
0.0014046747,-0.0004167745
-0.0011028316,0.0006143044
-0.0004450316,0.00017656398
-0.0018452217,0.00011648339
0.0023845043,0.0005202623
0.00027361017,0.00026086814
0.00017095168,0.00013761235
0.0004093074,0.00024164926
0.00023993148,-0.0006854412
-0.00275846,-0.00087662635
0.0006098734,-0.00065073965
-5.2800424e-05,0.00035070867
0.0005492514,0.00016205893
-0.00014614924,0.00025210792
-3.0275252e-05,9.4756506e-05
-8.63272e-05,0.00028221364
1.9766863e-05,0.00031710108
-0.00040109624,0.00019566651
0.00015476115,0.0001667679
-4.3983626e-05,0.0005985098
0.0005767829,0.00057549495
-0.0008737661,0.00028902016
-1.13908845e-05,0.00028584638
-0.00036735614,0.00018906684
0.0005310748,0.00045786117
0.00039741053,-0.0010679829
3.4396347e-05,0.00063615246
0.0003310567,0.0002943626
0.0004624554,0.00024483923
-0.0010390439,0.00031972706
0.00078020757,-0.00026211372
6.331596e-05,0.00025023823
0.00063046743,0.00044438388
-0.00031296865,7.3958814e-05
-0.0015612468,0.00033638944
-0.00011004981,0.0005155
2.102495e-07,0.0002792031
-0.00043320743,-0.00014687481
0.001079329,-4.9880346e-05
0.00010439907,8.020297e-05
-0.0019078087,0.00054411095
3.1473035e-05,0.00027897846
-0.0007385117,0.000120167824
0.00012887474,0.00015459632
-0.00047962007,3.8510636e-05
-0.0003389698,0.00013229415
1.7183398e-10,0.00026023792
0.00016838711,0.00015106378
-0.00024830675,0.00013305366
-0.0012802954,0.0002651618
-0.00015781177,0.0002389635
-0.00017354821,0.00010274915
-0.00032650575,8.747974e-05
-0.00057218835,0.00026679717
-0.00023833293,-0.00038240742
-0.00029351548,5.6008488e-05
-0.0001943055,0.00023471993
-0.0008542434,-0.00063092285
0.0002834822,0.0001344224
-0.00021041361,0.00013204367
-3.1967185e-05,6.996411e-05
8.7998465e-05,0.0005623279
-0.00025971237,-0.0004479759
-0.00016092093,-0.00038314913
0.0008725109,0.00046607843
0.0002939586,0.00038223487
0.0006393117,-8.029642e-06
-7.993761e-05,0.00011538452
-7.488928e-05,9.528493e-05
-8.269286e-05,0.0005771077
-0.0005210668,0.00055796804
-0.0017505494,-0.0007318328
0.0004917677,0.0002462015
4.4837205e-05,0.00020089421
6.866324e-05,-0.00024010404
-0.0008048009,0.00027999975
2.4647128e-05,8.6813954e-05
0.0005520325,-0.0006138839
0.00012814593,-0.0012197316
8.0678066e-05,-0.0007379639
-5.733002e-05,0.00019542249
-0.0003302645,0.0002792467
-0.0002612023,-0.00069313654
-0.00031957641,-0.000101934354
-0.00023266728,0.00015366875
0.00042627356,0.0001958992
1.0521065e-07,0.00030389044
2.8426841e-06,0.0002795586
0.00022479943,0.0003178315
-0.00010486251,0.00030127255
-0.00027342397,-4.7273767e-05
1.7183398e-10,0.0001744115
-0.00029027543,0.00025047254
-0.00047979297,0.00026565144
-0.00027468282,-0.00038254153
-0.00055360456,0.0001602167
-3.0570976e-05,-0.0006192102
-3.5953879e-06,0.00022535694
-0.0004167341,0.00014438009
0.00016319173,0.00022114407
-0.00024239873,0.00043898972
-0.0004360564,0.00031920348
-0.0011401753,6.645581e-05
-0.00037847733,6.410941e-05
0.0003303877,0.00016882343
-0.00035165367,0.0002859999
-0.00044997648,0.00033481224
0.00034958072,0.00015766668
-0.00055656343,0.0005768184
9.473873e-05,0.00012628916
-0.00017072185,0.00016495476
-0.00032689841,0.00018380197
0.00010165513,0.00038560096
0.00019908753,0.00018558116
0.00036795603,0.00012693233
-0.00015243863,0.00023140394
0.00036187188,-0.0011499568
7.291004e-05,0.00015849408
-0.00033661694,0.0002079609
-0.00036496934,0.00033518393
0.00043518087,0.00028523715
0.00027610848,0.0002769488
7.216831e-05,1.15964585e-05
0.0016033646,-0.0006142847
0.00068200595,-0.0005714175
0.0007543874,0.0004995745
1.7183398e-10,0.0002348072
0.0004626768,0.00033771133
-0.00019649192,0.00033241088
0.00044412533,0.00030324727
-0.0009832053,0.00018269179
-0.00021013565,-0.000114322465
0.00033093872,0.00015033821
-0.0003249528,0.0001592358
0.00035435756,0.0001736746
-0.00019260548,-0.00025523125
0.00015173927,0.00025192692
0.001341994,0.00016518746
0.00064492726,-0.00050085894
0.00015352007,8.0985104e-05
0.0017533229,0.00054408994
0.00027784726,0.00062543526
4.1243264e-05,0.00022689374
8.7022345e-06,0.00014539654
-0.0002624967,0.00022579648
0.0007962672,0.000110378205
-6.3755164e-05,0.0002685974
6.325293e-05,0.00018731995
-0.0013225179,-0.00037099858
-0.0006085027,-9.5804935e-05
0.0021157553,-0.00016819446
-0.00077681046,0.00025342655
0.00076716655,-0.0003727681
-0.001116485,0.00024562783
0.0018380391,-0.00091041817
0.0006107072,-9.0763075e-05
0.0018900624,0.00059811707
0.0002587528,0.00033675626
0.0002600634,0.00027361824
-0.00022635041,0.00029737802
-0.00019212553,0.00062271394
-0.00027981357,0.00025810805
3.126457e-05,0.0004059187
0.0007986863,-0.00049774005
-0.00014834212,0.00019282722
-0.00016489624,0.00018980858
0.00051799027,0.00014151333
0.00015720775,0.00018014177
0.00016838872,0.00016089542
-0.00013403744,0.00033086762
0.0001698722,-2.6038146e-05
0.00028414797,0.00022414334
0.00030911653,0.00020878181
0.0015374761,0.00014048234
-0.000110697816,0.00022128304
-0.0006102577,-0.00025054006
2.2355667e-05,0.0001714801
1.7183398e-10,0.00021519241
-0.00034207088,0.0006256971
0.0005409259,7.495426e-05
-0.0004028124,0.00029868697
4.1813702e-05,0.00056947384
0.0008415389,-0.0002478753
0.00027169683,-0.001285187
0.001083327,8.700949e-05
0.001274598,0.00013760428
-0.00019302403,0.00021522796
-0.00054894405,0.00025349442
-0.000696118,0.0005753673
-0.00012797106,0.00028253524
0.0010699742,6.7134526e-05
0.0001311872,-0.0006362911
0.0025449018,-0.0011580044
0.00039253675,0.00018361451
-1.0648298e-07,0.00017615352
-0.00018495058,0.00025232445
-2.9063265e-05,4.0543542e-05
-0.00038192747,3.461612e-05
-0.0017590995,0.00011642845
-0.00036234016,0.00011298317
-0.0004991993,0.00034208092
-0.00027378756,0.00030341532
0.00081611145,0.00021503243
0.00043936464,0.00024004137
-0.0008851264,-0.0003067326
0.00058899005,-0.00010054138
0.0020703285,-0.00077942025
0.00021586951,0.00023546167
-0.00020485625,-0.00038475703
-0.0007416176,-0.0008059967
0.00049402844,0.00013694819
0.0014544373,-0.0008294656
0.00026274592,-0.00062147743
1.7183398e-10,0.00021397558
-0.00014062581,0.00017154959
0.00084482745,0.00016760497
0.0013279867,-7.698844e-05
-0.00078716566,-6.9755304e-05
0.0010762587,0.0003453533
-0.0001914145,5.685203e-05
0.00011847751,0.00023183702
0.00011020853,0.00016787647
-3.5333276e-05,0.00014587972
-0.0010116352,0.00049719255
-0.00052852614,3.0939762e-05
0.00030545148,8.2979226e-05
4.5782555e-05,0.00012820572
0.00066875975,-3.946056e-06
-0.00022812476,0.0006145161
-0.00059415924,0.00034277744
0.0045881863,-0.0015300002
-0.00039371607,0.00033464096
-0.0007589603,0.0001545123
0.0017700159,3.7550744e-05
-0.00022737333,0.00018225223
0.00071775634,0.0004935162
0.00030802735,0.00012060091
5.181825e-05,0.00017030528
1.0155002e-05,0.00019660377
0.00044799235,0.0003138174
-0.00016439044,0.00015015561
0.0019948669,9.0112175e-05
-0.00089356187,-7.102708e-05
-0.0004564194,0.00028406718
-0.00012132452,0.00016753872
-0.0012121866,-0.00079018757
0.0008786662,-0.00039693993
-0.00018378222,0.00016828853
0.003098211,-0.001223791
-0.00028158305,0.00014663115
-0.00019278485,0.00022110368
-0.00053528097,0.0005895152
6.6531764e-05,0.0004413814
-0.0013490232,0.00035954
0.00012509334,0.00032583222
0.00019039518,0.00010256655
-0.0005060608,0.0006251557
0.00087887136,0.00029128414
0.0015978153,6.1153776e-05
5.1074898e-05,-0.000506329
-0.00041590995,0.00027605676
-0.0005526915,0.0006156909
-0.00052676146,0.00024165088
-5.3503376e-05,-0.00053243357
-0.00041243396,0.0002872248
-0.00026930645,0.00012106631
-0.00021037806,0.0003788526
-0.00014279768,0.0006175299
0.0002275466,0.00034312162
0.00015629795,0.0002572419
-0.000296017,0.00022923369
4.2400305e-05,1.076746e-05
-0.0013399931,0.0005838819
-0.00046386907,0.00018859335
7.0823815e-05,-7.0597234e-05
1.0521065e-07,0.00010268774
-0.0007918908,0.00037112497
-0.00023603176,0.0002764058
0.0007019908,0.0006146389
0.0002438373,0.0001307622
6.620695e-05,-0.00014819345
0.0011748223,-0.00065589783
0.0009687507,-7.188679e-05
-0.00029418612,0.0002863231
5.1239727e-05,0.00025651953
0.0013645596,0.00015569357
-0.00029549183,0.00030700603
-0.00027529043,8.565045e-05
-0.00013057601,0.0002645639
-0.00016699539,0.00049053633
0.0015584629,-0.00035171508
-0.00033572494,0.0006005023
-0.00011353387,0.00017791979
0.0010867803,0.0004945439
0.0002841496,0.0006012375
0.00021500172,0.00012603546
-0.0002343576,0.00041119973
3.461612e-05,0.00014072635
-4.439247e-05,-0.00045992126
-8.3807885e-05,0.000116336334
0.00051954,2.7701333e-05
-8.669242e-05,0.00036004258
0.00028242212,0.00015965919
0.0004574798,0.0005193364
-6.0453716e-05,0.00017957941
-0.0004655174,0.00013312962
-0.0029367576,-0.00016791165
-0.0002163685,0.0001057872
0.0001404985,0.00056023686
-0.0005340318,-0.0005950432
-0.0014513455,-0.0002864989
-0.001602149,0.00032885897
0.00030028194,0.00019330879
-0.00016239632,-0.00010469768
0.00023443068,0.00020226456
4.325839e-05,0.00020820167
-0.00036918544,0.00028391366
-0.00030516024,0.00028514827
3.868678e-05,0.00021249049
0.0007646295,-1.9676025e-05
-0.0022240821,-0.00050418463
0.00027702635,0.0001429758
6.612615e-05,0.00011903018
-0.00033780793,0.0005844216
0.0009971225,0.00011772769
-0.00023236671,8.797578e-06
0.0003173564,8.0703925e-05
0.00078825676,3.5576013e-05
0.00035594282,-0.0003682902
-0.001229838,0.0003297914
0.00015949275,0.00020212073
0.0010525975,-0.0007596342
8.242656e-05,0.00020167312
0.0007034225,-0.00068978174
-0.0003071592,0.00025877546
9.180566e-06,0.0002822993
0.000290195,0.00022788756
0.00032210577,0.0002807011
-0.00027603217,0.00013093026
0.0010603882,0.00034302627
-0.0005958738,0.00025383054
-0.00013694621,0.00025564368
2.256736e-05,0.00060975057
0.00051527214,-0.00020002284
-9.239683e-05,0.00025620766
-0.0009996381,5.6048888e-05
-0.00038826696,0.00054561545
-2.4520737e-05,0.00060698076
0.00036450106,0.00036400981
0.0005004132,7.050223e-05
0.00035757173,5.4011136e-05
-0.00091421575,-0.00023421217
0.00024920076,0.00027545562
9.705604e-05,-0.0007495828
0.0001262827,0.000122936
-0.0007677238,0.00058000034
-0.0020047806,-0.00016505783
-0.00065845595,0.00015086179
0.00016960394,0.00020021388
-0.00026473808,0.00018722299
0.0014222162,0.0003085881
-0.0011543103,0.00046852665
0.00049420784,0.0003336342
-0.00214381,-0.00035941845
-8.3143714e-05,0.000239256
-0.0010849992,-0.00024373515
-0.00026124917,0.00012001269
0.0001878904,0.00015452199
-4.3245123e-05,0.000290237
-4.171317e-05,0.0003222981
-0.00031511145,-0.00033873873
-0.00039647293,0.00040714198
0.00016198136,0.0001488418
0.0002779006,0.0005387184
0.00041828255,0.00043286677
0.002301317,-0.00012287102
-0.001505893,0.0006392115
-0.00055637595,0.00020099763
-0.00015875066,0.00019112883
-0.00014509399,0.00044835272
0.0010567345,0.00033447612
-0.0004401303,0.00010177633
-0.00064194866,-0.000130353
0.00017263068,0.00023836721
0.0029823096,-2.2636503e-05
7.346426e-06,0.0004600799
9.43315e-05,0.00022029891
-3.59829e-05,0.00027450058
-0.00013099132,0.0002028948
-0.00033231196,0.0002154639
-5.0874172e-05,-0.00012396665
-0.000455508,0.0002244924
0.0011257078,-0.0006249922
-0.00011129896,-0.0007149329
0.0005952843,-0.00026549757
0.0006265923,0.0004421296
-5.0866092e-05,0.00043182448
-0.00011342883,0.00022616655
0.00058176497,0.0006378266
-0.0002239216,0.00020087481
0.00013354169,0.0001173544
-0.0007024543,0.0003222415
0.0020010383,-0.0004520692
0.0014740197,-4.871522e-05
0.00017561216,8.599788e-05
7.8270255e-05,0.00058599724
0.0007689167,0.00014329253
-0.000210273,0.00011660135
-0.00091363885,0.00055405893
9.7358236e-05,0.00021755983
0.00072221,5.4851447e-05
-0.000604508,0.0004607263
0.0006176931,0.00031573235
-0.00016207635,0.00029833306
7.3923264e-05,0.0002925204
3.1031872e-05,0.00020340706
-0.00020300594,0.00021015701
-0.00039718233,0.00025182025
0.0008883879,-0.00037230266
-0.00034917475,-4.649163e-05
-0.0008194207,0.00020261199
-0.0006445908,0.00026369127
-0.0008168028,8.366117e-05
-0.0004953759,0.00027734955
0.00023124073,0.00019150697
0.00050179,0.0002785874
0.00052133534,0.00063542847
-0.0004168149,-0.00023748615
0.00047834535,-0.00036264557
0.000951631,-0.00060841057
-0.0003604446,0.00023659933
-0.00018517357,0.000181803
0.00040665397,-0.00092501537
0.00075032644,0.00029875484
0.00036684587,0.0001643811
0.00061981165,0.00010230476
-1.0648298e-07,0.00012661883
-7.593806e-05,0.000110887246
-0.00029897588,0.0006080796
3.2124277e-05,0.00042545266
-0.00015909648,0.00026009246
-0.00023878377,0.00013946426
7.753498e-05,0.0001726436
0.000254624,-0.00010459265
-4.1068393e-05,0.00022085966
-0.0007585337,0.00030663438
9.726612e-05,0.00014853639
0.00031944425,0.00027469287
1.7183398e-10,0.00024623866
0.00016524726,0.00032452974
-0.00013984852,2.1945207e-05
-0.00022089163,0.00018864506
0.00016766961,9.2869035e-05
0.001364962,0.00030236333
-0.00018608014,0.0001665869
-0.00020137541,-0.00013466121
6.1179635e-05,-0.00037563968
0.00030572942,0.0001324606
4.4147182e-05,0.00022129113
0.00013734572,0.0001658387
0.0006731132,0.0003409255
0.00013545825,0.00045440134
0.0004642152,0.0005371202
0.0005017852,-0.0003195845
-0.0002473679,0.00021864739
-0.00044449992,-0.00076325884
-0.0002886352,0.00021797836
0.00026140464,0.0001575164
0.0019473959,0.0004930928
-0.00072447525,0.00012488164
-5.2679225e-05,0.0002713074
-0.0010771746,0.0003799854
4.4334636e-05,0.0001223785
-0.0006596049,0.0006389546
-0.00024524287,0.0006007818
-0.0003355601,0.00039843185
-0.00066575373,-8.93507e-05
1.5777005e-05,0.00020236314
-0.00010652212,0.0002250596
0.00047226925,0.00034824107
-0.0009753904,-0.00097257044
-9.982711e-05,0.0001968898
-0.0002036701,-1.9283341e-05
-0.00070635363,0.00013896008
-6.9744e-05,0.00020662932
0.0006961765,-9.721407e-05
0.0003969193,-0.00056515884
0.00044098386,0.00019936872
0.00013230385,0.00028230253
0.00032220111,0.00032745468
0.0008306084,-2.1914158e-05
7.063636e-05,0.0004685509
-0.0011504157,-0.0012561883
8.96564e-06,0.0005110884
0.0005485436,0.00061862875
0.0005735041,0.00016170664
-0.00042440035,0.000278993
0.00017098238,0.00025705443
-0.00032206016,5.6031113e-05
0.00042585342,0.0002007617
-0.00023521246,-1.8646714e-06
-0.00047510662,0.0006014282
0.00048745464,0.00060229603
-0.0003512222,0.00031207377
-0.0003996677,0.0006222405
-0.002381773,0.0005940012
-0.0010283218,0.00012339333
-0.00028888407,0.00021857467
-5.3411266e-05,-4.5492954e-05
0.0011965977,0.00033993166
1.2753501e-05,0.000256791
-0.00047141573,-0.00037414167
-0.00060266093,0.00035271246
-0.0006303847,7.9538804e-05
0.00014492791,0.00021457672
0.00017017924,0.00024197246
0.0011305072,0.00027096158
1.2313954e-05,0.00032843396
-0.00020958621,-6.0035174e-05
0.00042863612,0.00010288651
-0.0016218057,6.316406e-05
0.00061556645,0.00036274933
-0.0011945902,0.00034582033
-4.070803e-05,0.00019357058
-0.00014243247,0.00012958577
0.0001437838,0.00023846255
-0.00036819323,-0.0001514044
-0.0005521389,0.0001246554
0.00010985463,0.00012786314
4.6512978e-05,0.00010426979
-0.000634722,-0.00032428215
-0.00079239823,0.00016407244
1.3306168e-05,2.4483845e-06
6.784071e-05,0.00015363481
-0.0006520712,0.00057883037
0.0009880149,3.861729e-05
0.00017481549,0.00013802442
0.00022703594,7.6578326e-05
0.0006909892,0.00017702453
0.00019931539,-0.0010447839
-0.0010256845,-0.0005264722
-0.00046283647,1.4120622e-05
0.00028868727,8.294529e-05
0.001901384,-5.998993e-05
0.00025596848,9.446078e-05
0.002128793,-0.00067578413
0.00021118477,0.00011665468
0.00027331605,-4.82515e-06
0.0005082895,0.00041457388
-0.00027113897,0.00023297306
-0.0006197451,0.0001892963
1.7183398e-10,0.00020478226
-0.0001606252,0.00030577142
-0.0013620593,-0.00014042381
0.00021841469,0.00011391236
-4.920493e-06,-0.00015866986
0.00015475145,0.0002527963
-0.00018263972,-0.00017846402
0.00011742551,7.067352e-05
-0.00010378789,0.0002906038
-0.00061456586,0.00023022751
0.00022524544,0.00039906855
0.00076164963,0.00021567398
-0.0015414607,-0.0006412651
-0.00039227944,0.00044460365
-0.00052518107,0.00024455643
0.00010176502,0.00020130143
9.6409654e-05,0.0006357242
-0.0001659531,0.00054402207
-2.1185351e-05,0.00018854164
-0.00013775098,0.00011231577
-0.0004929131,0.00016678406
-6.882127e-05,-0.0006323449
0.0008565563,0.00016987382
1.996078e-05,0.00016958456
-1.0325101e-07,0.0004974915
0.0001579107,0.0001425621
0.0009213911,0.00032221404
-0.0010606754,0.00030648246
-0.00010525843,-0.00027780005
0.00097096135,0.00010029124
0.0008855341,0.00030285135
-0.0013462873,0.0001693163
4.918258e-05,7.709059e-05
-0.0007615766,-0.00023313754
-9.401119e-05,-3.9796618e-05
-0.00013570029,-0.0011030949
0.0005395426,0.00029971797
-0.00023712094,0.00024727936
-0.0004927208,0.00058650144
-0.00036378484,-0.00062695396
-0.0017250088,0.00035653912
0.0002442494,0.00015403396
0.00010281218,0.00013257534
7.9425685e-05,0.00020372863
-0.00087722106,-0.00014183295
-0.00014516349,-2.8203563e-05
-0.00024629163,0.00023006268
-0.00048799408,-0.00026501602
0.00031277348,-0.0001114444
1.7183398e-10,0.00044376656
0.00012907351,0.00020051606
0.00016128972,0.00031604586
-0.00077124016,-0.00091312977
0.00038079178,0.0001737037
0.0004208827,0.0003344018
0.0008027731,0.00017662215
-8.3714156e-05,0.0003432606
-0.0008397594,-0.0005864009
0.0013850179,0.000102371014
0.00021130597,0.00040587666
3.497002e-05,0.00029043737
0.00037330494,0.00027368288
-0.00022879217,-9.0766305e-05
5.3529573e-05,0.0003293793
0.00023562166,0.0001352498
-0.0010533017,0.00062296767
-0.00018086053,-0.00037292158
0.00078025763,0.00019687526
6.3136584e-05,0.00031630925
-0.0004675729,7.0875525e-05
0.0013215211,0.00034784354
0.00015318718,0.00058141106
0.00073438964,0.00022116509
-0.00028488773,0.00016952153
-0.0008586954,0.0003049602
-0.00010566081,0.0006074979
0.0044268887,1.8116945e-05
9.660357e-05,-0.00052180205
-7.133574e-05,0.00021842922
-0.0009028683,-1.5139963e-05
-0.00026106008,0.00014228254
0.00027197157,0.000603828
-0.0009506755,0.00013162999
-0.00021554435,-9.747424e-05
0.000840899,-0.00063869247
-0.00037870358,-0.0006200489
0.00046737446,-0.000101089194
-7.974854e-05,0.00012698404
0.00019823914,-0.00023718072
0.00033804582,0.00017194873
-0.0004366204,0.00032419202
3.605111e-05,0.0001866461
-0.00011493331,0.000611575
-0.00022787429,0.00019830055
-0.002479944,-0.0007606781
-5.9894584e-05,0.0002472115
-9.65095e-05,0.00022145273
-6.505119e-05,0.0003239884
3.0661813e-05,0.00020703817
-0.00023006879,0.00050327025
0.0006606362,-0.00011304907
0.00045879197,0.00029233293
-0.00029974832,-0.00051754876
-0.00019939746,0.0003285277
-0.00044732465,8.613039e-05
0.00015697666,0.00019633552
8.720664e-05,3.59186e-05
-0.0003858236,0.00044880196
0.00021506313,0.00018807138
0.00022244656,-0.0003868562
-3.917123e-05,0.0002461417
-0.00083620264,0.0005821237
1.7183398e-10,0.00015358957
0.00084270403,3.6017176e-05
0.0007027261,0.00052703975
-0.00036172607,0.00021032184
-0.0002819289,-0.00024013959
0.0003911357,0.00029525463
0.0003112496,0.00037930507
-6.387313e-05,0.00024046798
1.7183398e-10,0.00012560237
0.00011403356,0.00028132164
-0.0010023061,7.2150535e-05
-0.0006303718,-0.0011172105
0.0009971596,-0.0012378985
-0.00078551413,0.00026897877
-0.0002705055,5.8238544e-05
0.00028036334,0.00050528056
8.002522e-05,0.00024562134
-9.552537e-05,0.0006161337
0.00055236864,-0.000641333
0.00014804998,0.00016479155
-0.00045562757,-0.0005412989
-0.0006075994,-0.00010456356
-0.00026264536,-0.00020825141
-0.00027310563,0.00011947457
-7.205e-05,0.00031775716
-0.0012907815,-0.00028886468
-0.0016670097,-0.0007670305
0.00028324142,6.329818e-05
-0.00020967025,0.00019922652
0.0002699031,0.0002545335
-0.00012592845,0.00019462904
0.00029854313,0.0003296104
-0.0006049928,0.00011700858
0.0001432279,0.00034171573
-0.0009039607,0.00029374368
-0.00018049369,-9.231603e-05
0.00017465389,2.971e-05
-0.00045801277,-0.00016286818
-0.00038976982,0.00033880858
0.0032283072,0.00035989552
-0.0001649835,0.00016640108
-0.00037355992,-7.2866074e-05
8.216639e-05,-0.00065347063
-0.00018058257,-0.0007892939
-0.00029417966,7.567499e-05
-0.00061932654,1.0007948e-05
-0.0013538145,-0.00119954
-0.00020235308,0.0002770021
0.000119637785,0.000104536426
0.00067871256,7.759316e-05
0.0016071347,0.00037400305
-1.4162294e-05,0.00021459773
-0.00028338004,0.00022909793
-0.0028321415,-0.0009562571
0.00030857354,0.0003591764
0.0011967819,0.00036632875
0.00025772507,0.0003890058
-0.00020357153,9.774769e-05
-0.00036853744,0.00011970404
-0.0008818056,-0.0004027284
4.081826e-05,0.0001748672
-0.0012550376,-0.0006373011
0.00023724572,0.0002191742
0.00011936791,0.000179114
-0.00017455658,-0.0003767466
0.0013193946,1.3700467e-05
-0.00037323026,0.00025281246
-0.00046120596,0.00029609332
-0.00065918796,0.00032199267
0.0010553318,-5.7276695e-05
-0.0003124564,0.00023575255
-7.7672004e-05,0.00019491346
0.00029904733,-4.457346e-05
-0.0004193827,-0.0010493457
0.00012517252,0.00021667588
-0.00052963954,0.0002519867
-9.743869e-05,0.00034593182
-0.00040816132,-0.00041954915
0.00072244264,0.00062096544
-2.8555847e-05,0.00023986523
0.00047027515,0.0002873977
0.0009323636,0.00058190234
-4.3418033e-05,0.00033783412
-0.00019548678,0.00015742591
0.00019424928,-0.00041306906
-0.0002935882,-0.00017830727
1.0521065e-07,0.00018599808
-0.000101934354,-0.00034416196
0.00037036545,0.00026384156
0.00023875666,0.0006256518
-5.8192956e-05,0.00012065262
0.0008491777,0.00014928782
0.0008204762,-0.00078077125
0.001339381,-0.00026151096
0.0006498754,5.395619e-05
0.00013820057,0.00015804483
0.000635561,-9.595199e-05
-9.8167504e-05,-0.0004169765
0.0010717129,-7.104971e-05
7.752691e-05,0.00019864476
3.4249293e-05,0.0002763347
-0.0028114787,0.00036753426
-1.0648298e-07,0.00017269209
-0.0008473771,0.00044419643
-0.000633746,0.00023158494
0.0001268693,0.00015141122
0.00084016693,-0.0004459333
0.0015575676,0.0005719931
-0.00014122372,7.2337985e-05
0.00024264472,0.00014536745
-0.0016839434,0.00024124204
0.0007617046,-0.0006510176
0.00042812387,0.00011652541
0.0003456571,0.00026135778
1.5856187e-05,0.0005108072
0.000447409,0.00019082826
-0.0008100302,-3.2340475e-05
-0.00089114596,-6.7205285e-05
0.00016469297,0.00023654115
-4.7333557e-05,0.0002832689
-0.00010666109,0.0003187284
0.0003526123,0.00037206223
-0.0029015301,4.4512395e-05
-5.6166515e-05,0.00026476427
-8.309207e-06,0.00024714685
-0.0023977438,-0.0010928852
-0.000111008085,0.0006211804
0.00029901662,0.00033825266
1.0682664e-07,0.0001185777
0.00025544167,0.00043103425
0.0019241079,-0.00084229815
-0.00011725709,0.00058593095
-4.3561857e-05,0.00028717634
0.00025732754,0.00030223728
0.0025315797,0.0002922198
0.00042549142,0.000278429
0.0012063178,-0.00077155366
0.00049870025,7.071554e-05
4.691051e-05,0.00018533715
-0.00035437982,0.00013424303
0.00016315618,0.0003309549
8.486508e-05,0.00033605978
-0.00039009948,0.0005824582
-0.00035965923,0.00015612342
-0.0003596059,-0.00043167386
0.00018023065,0.00016384943
-4.1024763e-05,0.00063393207
0.0001323087,0.00032351815
0.00022778414,-0.0003180364
-7.5322365e-05,0.00021963636
-0.0035960502,-1.5388825e-05
-0.00035152276,0.00017235758
0.0012345393,0.00017183078
-0.00048725234,0.0005053355
0.0004305123,0.00014409082
-0.0019724302,-0.0010473112
-0.00090239645,0.00010739026
5.5016277e-05,7.154616e-05
0.00031202528,0.00014957547
-0.00037560897,-0.0005192795
0.0002222898,0.00016465258
1.482519e-05,0.00063468516
0.00035920227,-0.00061566796
-0.000226491,2.6043337e-05
0.00033133142,0.00012420294
-0.0009985846,-2.3331375e-05
-0.00026330954,0.00019458542
4.9937244e-05,0.00014266714
-0.0015961876,0.00028579304
-0.00024904366,0.00019883222
0.00015747115,7.967939e-05
1.0682664e-07,0.00010993381
-0.00022397007,0.00034144262
-0.00022901518,0.00013878233
-1.52854e-05,0.00016600353
0.00029602545,0.00017372632
3.749903e-05,-3.93296e-05
7.8990915e-06,0.00016478024
-0.00050364324,0.00017095976
1.3243144e-05,0.00017388468
-0.00014326794,0.00018916864
0.0007755131,0.00015749055
-0.00022500915,0.0002195281
0.00038565428,0.00019590244
-0.000517851,8.001713e-05
-0.0012905974,-0.0007398659
-0.0014243473,-0.0002876123
-0.00023367404,0.00013953699
-6.675766e-05,0.0006051692
-0.00049268367,0.00023936265
-0.0004362681,6.323839e-05
-0.00033261577,-5.380718e-05
-0.0009891747,0.00054936775
-0.0013004887,-0.00088153733
-0.00051105575,-0.0006437069
0.00035329908,0.00053425186
0.00018566358,0.00011517444
-0.00063293637,0.0003509155
-6.636498e-05,-0.00020516974
0.0008638718,0.0005567092
0.000497317,0.00031754872
0.0019540293,0.00026907248
-1.0648298e-07,0.00021088905
-0.00023120645,2.8084321e-05
-0.00040102674,-6.999447e-05
4.4510776e-05,0.00058615074
0.0003383173,0.00021098439
0.0012389412,1.7897171e-05
-0.00033410732,0.00036416657
0.0005498542,-5.653819e-05
0.0007174897,0.00022968778
9.7416414e-05,-0.00020700549
4.7246634e-05,0.00058950065
0.00041290943,0.0002606516
0.00048439397,0.00025135162
0.00039351117,0.00024514948
0.0003555873,0.00029410404
-0.00021866319,0.00014961587
0.00035344614,0.00019302437
9.162473e-05,0.00059695845
0.000111520705,-0.0006451467
-0.0003043684,9.379984e-05
0.00018876465,-0.00016233814
0.0010033101,-0.00018230037
-0.00035081012,0.00022027953
0.0006414351,0.0002101958
-0.0007439656,-0.0009920188
0.000592041,-0.00090856786
0.0007457758,2.5959305e-05
0.00032138344,0.00021894796
0.0007520685,-0.0006417693
-0.0016053906,0.00043368124
-0.00042915778,0.00025468378
-0.00071655854,0.00062158925
-0.0006670659,0.00015735965
0.00027671285,0.0006169724
-4.775048e-05,0.00030463055
-9.424713e-05,0.00014161514
-0.00039153447,4.0432038e-05
0.0001270196,0.00011511788
0.00060875993,0.00058825314
0.00024941892,0.0005898093
-0.00048365357,0.00023108398
0.001125703,3.9577117e-06
0.00019720654,0.00016629603
-0.000236864,0.00013619999
-8.302413e-05,0.00037890754
0.0004002078,-8.427491e-05
-0.00069442607,7.67884e-05
-0.00019793822,0.0003928163
0.00011222851,0.0006286123
0.00021657246,0.00016870062
0.00022005329,0.00042138848
-0.0004028011,-0.0011729441
-0.0003288764,0.00011209115
0.0022688808,-0.0006453972
-0.00043614046,-5.9710364e-05
0.0005370717,0.00015891422
-0.001011333,0.00016603262
-0.0008384165,0.0005305416
0.0001858494,0.00053738203
-0.00011252872,0.0005177543
-0.00073477393,0.0005572166
0.0012001464,0.0004915883
-0.00012864168,0.00018342867
0.00036152604,0.00032092934
5.3624917e-05,0.00014145838
2.2623919e-05,0.00032787322
3.7486105e-05,0.00013489266
