,y_test,y_pred
0,94995.82,94790.53
1,94360.695,94580.18
2,94073.805,94404.875
3,93884.0,94430.98
4,93947.86,94419.24
5,96374.99,95223.28
6,95988.586,95041.266
7,94349.99,94394.0
8,95979.14,94991.055
9,94894.945,94641.46
10,95167.695,94899.984
11,95048.96,94710.32
12,93201.305,94097.305
13,93730.92,94255.34
14,96765.97,94980.48
15,93979.41,94506.65
16,94686.71,94532.15
17,96049.9,95048.83
18,94614.86,94547.055
19,94227.68,94398.28
20,95724.93,95068.3
21,94056.26,94514.82
22,92277.9,93231.66
23,96123.03,95006.46
24,92829.45,93729.305
25,94545.46,94533.08
26,96443.086,95100.305
27,94844.89,94555.086
28,95204.0,94794.69
29,94912.06,94464.66
30,94824.41,94627.39
31,94297.39,94537.15
32,95024.766,94888.39
33,94287.16,94335.91
34,95127.89,94583.0
35,92985.336,94074.45
36,94277.17,94370.75
37,94344.01,94501.85
38,95227.22,94642.21
39,94361.984,94515.91
40,94565.89,94555.91
41,95283.62,95074.8
42,94353.43,94379.94
43,94263.984,94422.55
44,94086.36,94262.766
45,96613.805,95117.04
46,94208.73,94426.2
47,94360.664,94495.71
48,95529.125,95038.94
49,92415.91,92959.43
50,95099.42,94724.92
51,92791.984,94525.15
52,93774.39,94428.51
53,93554.18,93913.52
54,94488.734,94545.42
55,94444.93,94527.164
56,95011.99,94781.62
57,94217.04,94524.64
58,94101.555,94480.48
59,96669.67,95082.63
60,92465.79,93738.47
61,94072.27,94426.71
62,94335.61,94521.56
63,94822.13,94560.86
64,94332.11,94413.74
65,94239.016,94498.84
66,96591.05,95087.84
67,94266.01,94490.93
68,94870.53,94566.38
69,95120.336,94872.164
70,94224.11,94366.4
71,96604.04,95107.195
72,94225.21,94323.68
73,93271.37,93982.35
74,93892.734,94358.086
75,94741.11,94513.61
76,94447.78,94507.36
77,94888.59,94855.49
78,95903.33,94985.4
79,93517.85,94090.73
80,94346.73,94600.22
81,93414.69,94173.61
82,96829.6,95047.195
83,91256.8,92814.4
84,92860.76,94081.305
85,95917.71,95049.35
86,95682.46,95032.12
87,90921.51,92983.35
88,94414.42,94519.94
89,94955.5,94656.44
90,95079.23,94652.945
91,94510.49,94472.7
92,96634.56,95130.74
93,94543.08,94554.79
94,95457.12,94668.39
95,94484.01,94512.68
96,94310.914,94417.2
97,95723.086,94976.04
98,95014.23,94672.69
99,94991.7,94704.54
100,90864.266,92846.42
101,94227.875,94347.664
102,94616.06,94480.06
103,94410.25,94505.56
104,94322.04,94257.33
105,94598.086,94561.49
106,93782.01,94287.53
107,95631.77,95074.266
108,94431.2,94120.305
109,94585.586,94436.89
110,94642.9,94515.59
111,93223.75,94169.3
112,94905.195,94640.086
113,92463.36,93862.805
114,93949.99,94360.99
115,95424.7,94929.625
116,94740.22,94666.2
117,93703.18,94250.57
118,94249.266,94408.09
119,96466.6,95014.33
120,94200.0,94388.35
121,94053.37,94429.74
122,95865.44,94754.586
123,94361.25,94541.664
124,93672.414,93637.69
125,94175.484,94326.04
126,93103.22,94061.88
127,97119.57,95156.3
128,94223.98,94510.88
129,92022.38,92680.56
130,94653.07,94400.67
131,94679.9,94577.02
132,93955.3,94281.06
133,94467.12,94370.97
134,93205.51,94091.0
135,92765.52,93742.25
136,91433.08,93390.58
137,93513.17,94075.54
138,94414.805,94528.56
139,94638.98,94210.875
140,94271.99,94455.46
141,96677.47,94993.14
142,94825.31,94618.07
143,95710.055,94990.766
144,92923.64,93972.1
145,96548.67,95224.35
146,95689.61,95198.22
147,94181.4,94488.15
148,95369.51,94630.555
149,94363.65,94553.96
150,96027.39,95049.82
151,94735.4,94488.125
152,95245.555,94879.56
153,92519.79,94160.266
154,94574.35,94558.484
155,94019.984,94515.6
156,93966.29,94286.81
157,94080.52,94508.68
158,95009.13,94588.13
159,95272.74,94646.48
160,94329.22,94501.49
161,89968.0,92639.19
162,91911.51,93111.734
163,96605.44,95103.51
164,95404.0,94598.4
165,94595.12,94539.36
166,93596.57,94137.79
167,92510.2,93670.97
168,94673.74,94575.945
169,94261.65,94581.15
170,94578.91,94623.55
171,93503.95,94153.45
172,94275.1,94283.69
173,95156.96,94796.76
174,95087.27,94539.03
175,93834.5,94303.67
176,94769.58,94397.375
177,94716.98,94544.3
178,95129.79,94731.695
179,93099.45,93932.516
180,94830.266,94445.9
181,94559.99,94474.4
182,94411.52,94576.28
183,94856.93,94624.88
184,94297.484,94524.234
185,92294.48,93796.12
186,95034.27,94567.875
187,94328.0,94293.125
188,94880.766,94456.72
189,95190.47,94616.766
190,94979.01,94730.36
191,95953.75,94997.79
192,94738.47,94635.53
193,94285.22,94397.945
194,94833.5,94655.32
195,94918.016,94578.51
196,94146.86,94466.81
197,95039.08,94561.26
198,93977.17,94289.125
199,95122.25,94810.57
200,94176.46,94497.59
201,91696.02,92583.71
202,96636.0,95077.984
203,94602.01,94551.47
204,95636.8,94584.336
205,97007.375,95104.305
206,94337.25,94323.15
207,94964.06,94701.76
208,94006.04,94357.05
209,92337.414,93085.54
210,93014.055,92973.11
211,94213.07,94359.875
212,94611.6,94618.33
213,94565.58,94544.21
214,92151.78,93088.875
215,93039.1,94008.375
216,95720.0,94463.25
217,93699.0,94146.48
218,93137.445,93933.16
219,92798.445,93753.52
220,91962.734,93725.88
221,95819.086,94985.13
222,94523.57,94561.54
223,91267.4,93614.76
224,93821.31,94120.05
225,95949.664,95053.46
226,94274.1,94374.62
227,94639.14,94548.164
228,94511.51,94431.29
229,94200.89,94417.4
230,90757.92,92615.336
231,95076.664,94886.25
232,94820.4,94556.266
233,94426.89,94350.27
234,95444.49,94539.1
235,94422.14,94542.484
236,94363.04,94427.086
237,92638.03,94025.414
238,93461.32,94364.75
239,96723.62,95087.945
240,93168.445,93957.016
241,94423.79,94407.13
242,90807.55,92658.13
243,94519.375,94517.89
244,94375.0,94205.65
245,94371.45,94319.65
246,94615.1,94584.83
247,94607.71,94577.414
248,94367.055,94393.375
249,94522.67,94497.82
250,94678.89,94644.07
251,94757.555,94589.734
252,94931.52,94613.01
253,94654.086,94592.55
254,95089.55,94724.875
255,96461.93,95243.4
256,94047.09,94509.68
257,95066.664,94725.48
258,93622.0,94386.19
259,94974.9,94662.38
260,91806.98,93000.086
261,94196.15,94510.85
262,94297.42,94490.9
263,93365.5,94079.23
264,94249.36,94342.78
265,94395.805,94016.8
266,96613.586,95294.266
267,94369.33,94327.45
268,94220.0,94399.96
269,94658.78,94581.52
270,94200.0,94406.336
271,94036.61,94353.766
272,92949.78,93847.516
273,96570.07,95074.055
274,94026.66,94511.65
275,92219.14,93436.24
276,94417.72,94516.5
277,91306.125,93432.375
278,95110.47,94572.625
279,93062.3,94446.086
280,96440.57,94782.53
281,94556.0,94513.77
282,92718.22,94068.16
283,90999.99,92624.23
284,93439.93,94173.12
285,94143.79,94409.516
286,94358.836,94477.08
287,95033.555,94676.06
288,94473.78,94828.125
289,93299.414,94348.31
290,94899.984,94564.72
291,95060.61,94804.555
292,91712.79,92994.734
293,94504.09,94546.87
294,94229.38,94467.29
295,95165.336,94745.69
296,96078.56,95004.41
297,91869.11,93456.336
298,93180.0,94153.49
299,93713.945,94201.84
300,94041.22,94399.27
301,94532.3,94520.05
302,93825.57,94266.37
303,94353.414,94367.305
304,95625.35,94625.72
305,93502.01,94074.0
306,96633.766,95069.38
307,94873.5,94558.8
308,93108.195,94177.055
309,93422.01,94145.055
310,93939.01,94336.99
311,95261.055,94746.484
312,94926.19,94510.375
313,94212.14,94447.445
314,95350.73,94874.734
315,96912.98,95111.516
316,94289.09,94398.58
317,93600.0,94224.57
318,95983.984,94926.66
319,96272.49,95018.945
320,94974.0,94699.27
321,96560.86,95129.15
322,94394.49,94402.58
323,93646.695,94274.71
324,94794.016,94627.555
325,96586.08,95080.375
326,93311.61,94072.76
327,94979.98,94796.63
328,95028.19,94669.62
329,94685.09,94674.625
330,95226.41,94954.45
331,95176.445,94751.52
332,94797.32,94555.54
333,95270.19,94749.0
334,94871.85,94821.41
335,96568.24,95221.445
336,94367.02,94507.305
337,94824.16,94559.92
338,94370.516,94490.36
339,96652.46,95097.19
340,93869.15,94298.84
341,97012.86,95313.66
342,94199.99,94057.2
343,94092.0,94485.97
344,93976.07,94649.81
345,94423.734,94507.21
346,95244.0,94868.03
347,94067.836,94747.195
348,94927.65,94604.53
349,92530.695,93507.32
350,92704.51,93698.55
351,94606.06,94565.375
352,94341.82,94188.266
353,94358.836,94486.92
354,93911.57,94423.484
355,94253.87,94525.31
356,96772.43,95294.24
357,93604.47,94381.22
358,95270.3,94879.805
359,94410.26,94480.49
360,94614.0,94579.94
361,92270.89,93878.2
362,92199.81,93546.766
363,94432.805,94368.31
364,93794.016,93699.02
365,96500.01,95180.98
366,93754.44,94416.43
367,94282.46,94237.914
368,94232.234,94458.13
369,94929.31,94559.98
370,94618.93,94549.13
371,94877.0,94831.14
372,94896.36,94529.14
373,93896.01,94493.93
374,94353.25,94402.94
375,94270.75,94616.2
376,94424.24,94520.56
377,95382.516,94869.055
378,96676.01,95091.586
379,94217.08,94384.37
380,96481.71,94971.164
381,95718.12,94931.695
382,96439.99,95095.81
383,94400.01,94419.31
384,94230.58,94412.55
385,93409.34,94064.03
386,93123.72,94048.27
387,92390.91,93306.31
388,94386.5,94536.34
389,96364.07,94994.13
390,93868.0,94479.555
391,95898.32,94999.766
392,95050.01,94657.15
393,91920.12,93415.03
394,94244.02,94208.67
395,96539.95,95229.22
396,92893.48,94138.57
397,96011.98,95064.42
398,95476.54,94876.8
399,95475.35,95069.18
400,93487.86,94078.22
401,94356.42,94601.945
402,95707.8,94937.7
403,94448.14,94407.66
404,94324.766,94586.125
405,94459.44,94491.6
406,94303.375,94313.766
407,92641.24,93668.09
408,94503.15,94487.625
409,95338.61,94631.02
410,90735.39,92841.04
411,93558.51,94404.22
412,92976.46,94188.97
413,92926.94,93780.09
414,94545.055,94363.55
415,92287.24,93867.63
416,95043.46,94603.45
417,94713.39,94645.57
418,93975.02,94349.18
419,93799.99,94279.875
420,93625.35,94413.23
421,94464.48,94378.445
422,94798.65,94337.59
423,95653.625,94972.305
424,95793.055,94502.54
425,94594.17,94388.53
426,94109.234,94375.336
427,94956.31,94467.85
428,94780.625,94576.85
429,94611.484,94575.63
430,93720.01,94210.164
431,95507.336,95028.79
432,94338.54,94461.44
433,93074.56,94083.48
434,92440.96,93731.484
435,93588.01,94169.69
436,94419.22,94549.0
437,94571.086,94526.3
438,94253.07,94411.36
439,94704.01,94531.24
440,93329.484,94212.96
441,94759.82,94365.164
442,93526.58,94296.57
443,94898.23,94555.375
444,94585.65,94512.66
445,91096.3,92722.02
446,92396.96,92787.04
447,92848.01,93769.58
448,94440.66,94527.79
449,94365.4,94411.62
450,94847.78,94577.1
451,94917.836,94824.2
452,94263.46,94453.016
453,95125.54,94955.76
454,94205.66,94272.14
455,94407.664,94520.805
456,94358.02,94451.53
457,94852.555,94556.73
458,96300.0,95178.33
459,96536.0,95215.86
460,96631.695,95120.3
461,93880.96,94485.74
462,94027.11,94296.03
463,96295.875,95038.484
464,94191.24,94524.19
465,94530.38,94501.47
466,93499.99,94219.31
467,94493.945,94423.63
468,94164.1,94424.77
469,95512.305,94949.24
470,95789.29,94982.555
471,95741.26,95059.2
472,94900.0,94656.25
473,93555.016,94150.55
474,94560.46,94488.74
475,94565.5,94612.84
476,94303.82,94466.3
477,94538.14,94491.67
478,95806.23,95046.195
479,93800.0,94517.766
480,93920.17,94296.31
481,92220.84,93921.555
482,93511.76,94206.12
483,94877.0,94830.32
484,93849.93,94309.234
485,94200.0,94533.23
486,94277.13,94334.46
487,95518.625,95065.54
488,94303.59,94421.92
489,92404.73,94049.195
490,92980.0,94050.91
491,94969.82,94794.27
492,96226.66,95174.29
493,94758.16,94443.68
494,94906.43,94629.83
495,94393.13,94589.86
496,94123.07,94456.13
497,92763.11,93741.71
498,94064.73,94413.414
499,93209.5,93419.33
500,94544.984,94551.76
501,94400.71,94420.18
502,91658.234,93049.734
503,92044.0,93046.875
504,94403.23,94535.67
505,94246.6,94418.3
506,93409.76,94141.35
507,94342.5,94600.76
508,94178.164,94450.484
509,95185.9,94746.414
510,94597.02,94504.74
511,94287.18,94373.055
512,92406.99,93705.75
513,96585.15,95090.43
514,95434.766,94607.98
515,94263.99,94329.42
516,94277.7,94414.91
517,96618.74,95058.76
518,96496.016,95212.055
519,94360.086,94360.8
520,91214.266,92732.4
521,95309.37,94618.91
522,96776.0,95050.484
523,94443.88,94592.9
524,95629.164,94894.69
525,93859.82,93783.664
526,94327.93,94370.23
527,96066.875,95018.46
528,94118.555,94386.16
529,92717.53,93660.64
530,90954.57,92928.26
531,94558.766,94548.164
532,94128.875,94383.086
533,94188.945,94488.87
534,94297.71,94494.02
535,92200.32,93121.305
536,94984.62,94725.51
537,95133.42,94786.55
538,94451.2,94384.75
539,93678.31,94276.45
540,94272.65,94311.59
541,94640.18,94650.22
542,94975.2,94628.01
543,94506.984,94472.27
544,96616.29,95086.914
545,94264.98,94411.266
546,94295.04,94219.28
547,94132.75,94428.98
548,95164.984,94781.375
549,94891.04,94559.52
550,94349.516,94581.74
551,96889.67,95302.555
552,94366.18,94403.984
553,94549.71,94555.83
554,94923.99,94564.62
555,92169.75,93540.57
556,94374.57,94232.195
557,94289.67,94501.39
558,94504.93,94410.85
559,96708.97,95094.836
560,95421.086,95055.18
561,92387.0,93532.36
562,93802.09,93866.37
563,95000.01,94782.21
564,91961.55,93095.37
565,95165.97,94909.05
566,91440.43,93410.125
567,92258.01,93812.28
568,91908.25,93180.85
569,94288.5,94414.17
570,94114.0,94425.586
571,94033.914,94353.766
572,92026.625,93059.93
573,92091.75,93091.24
574,94161.89,94342.27
575,92860.77,94013.555
576,95366.7,94873.23
577,94687.73,94631.27
578,94874.62,94651.75
579,94397.984,94384.445
580,91390.016,93372.12
581,96639.2,95293.56
582,94404.664,94410.05
583,94869.0,94619.73
584,93490.7,94077.664
585,93190.016,94353.05
586,93104.266,93971.17
587,94639.25,94560.09
588,94684.05,94805.46
589,92952.75,94157.586
590,94341.26,94394.47
591,94829.516,94603.68
592,94970.59,94702.13
593,94793.2,94587.56
594,94443.63,94497.37
595,95014.75,94679.42
596,92567.0,93671.984
597,94269.69,94409.21
598,94542.94,94572.734
599,93615.9,94221.07
600,93999.984,94301.08
601,94570.625,94532.0
602,95532.984,94419.42
603,96012.06,94912.44
604,94460.08,94429.58
605,94149.1,94429.25
606,92136.65,93144.0
607,93587.59,94205.92
608,94325.43,94496.875
609,94472.58,94524.984
610,94599.98,94554.195
611,96582.55,95223.84
612,96574.48,95223.43
613,93981.63,94442.42
614,94379.8,94490.62
615,94541.98,94586.54
616,96319.96,95184.33
617,94201.32,94458.33
618,91691.78,93097.84
619,96469.66,95097.85
620,94330.97,93915.89
621,94540.44,94608.27
622,95291.51,94624.125
623,94709.16,94650.72
624,94327.13,94301.66
625,94962.07,94646.516
626,94197.9,94498.34
627,94157.695,94342.195
628,94661.914,94487.445
629,94732.5,94523.42
630,94383.35,94497.836
631,94621.15,94558.82
632,93521.55,94166.24
633,94852.99,94440.75
634,94534.76,94374.32
635,90994.195,92659.95
636,96980.35,95314.68
637,92216.29,93658.625
638,95012.0,94683.375
639,92186.94,93553.91
640,93412.42,94189.17
641,94594.04,94629.91
642,94285.58,94411.46
643,95019.99,94713.69
644,94698.02,94488.34
645,91744.8,93070.56
646,94308.0,94286.97
647,94650.875,94550.2
648,96176.12,94998.14
649,96660.0,95086.76
650,94467.39,94410.125
651,94208.73,94596.125
652,94574.33,94440.69
653,93654.81,94186.625
654,94475.49,94511.94
655,94220.82,94533.484
656,93233.44,94067.29
657,94743.15,94864.195
658,94606.06,94556.0
659,93557.234,94258.336
660,96516.05,95212.43
661,94460.99,94545.45
662,94590.266,94599.516
663,95011.08,94703.86
664,93569.79,94249.17
665,94804.516,94639.62
666,96210.01,95212.68
667,93540.85,94406.52
668,94031.99,94272.19
669,96168.875,94990.27
670,94597.94,94443.664
671,94955.45,94661.734
672,93510.3,94078.06
673,93460.984,94113.87
674,93078.87,94052.16
675,97116.29,95314.14
676,95222.72,94878.19
677,96443.32,95107.41
678,94407.13,94368.87
679,93441.56,94119.06
680,94822.01,94572.75
681,95102.8,94728.805
682,94467.22,94350.16
683,93730.38,94193.484
684,94402.4,94493.35
685,94150.57,94441.375
686,94333.7,94427.305
687,94699.0,94541.39
688,94996.39,94575.484
689,96520.0,95091.27
690,94501.15,94627.19
691,94938.336,94857.26
692,93289.73,93967.484
693,94153.02,94468.305
694,92939.39,94202.81
695,94490.54,94549.195
696,96563.49,95100.06
697,94496.25,94431.89
698,92835.88,93932.14
699,92500.0,93777.49
700,92218.18,93440.875
701,92745.71,93620.555
702,94531.305,94472.14
703,94626.53,94662.6
704,94308.37,94366.305
705,94793.15,94618.914
706,96001.87,94973.52
707,94947.59,94843.19
708,94945.55,94626.61
709,94577.0,94493.69
710,94841.18,94734.18
711,95995.32,94975.414
712,97184.18,95143.93
713,93341.49,94333.67
714,93957.13,94451.47
715,94320.0,94586.484
716,90786.3,92688.36
717,96454.85,95072.72
718,95144.0,94851.555
719,93855.984,93818.97
720,91409.96,92822.39
721,95071.2,94774.92
722,94575.17,94580.055
723,96930.766,95122.12
724,95256.695,94679.914
725,93948.05,94127.24
726,93416.0,94126.69
727,90732.0,92687.29
728,94883.72,94573.9
729,94643.37,94583.664
730,93095.8,93830.94
731,93743.51,94293.445
732,94477.1,94524.43
733,95219.41,94750.79
734,94897.39,94574.76
735,96711.945,95105.32
736,92932.14,93980.22
737,94428.414,94516.49
738,95055.3,94666.85
739,95003.67,94670.23
740,94449.38,94529.45
741,94551.984,94581.516
742,94846.48,94506.805
743,94724.06,94661.29
744,95111.01,94793.29
745,94521.08,94601.15
746,94889.67,94571.46
747,95209.0,94746.49
748,96636.63,95084.76
749,93419.99,94100.99
750,94364.1,94338.414
751,96158.484,94993.73
752,90800.016,92901.91
753,96232.01,94920.32
754,96267.36,95182.96
755,94400.0,94208.984
756,94163.71,94458.016
757,93781.57,94251.664
758,94560.71,94567.51
759,94299.44,94250.9
760,94684.99,94557.63
761,94644.195,94491.38
762,94293.51,94298.77
763,94966.64,94676.44
764,95373.34,94439.516
765,95153.8,94721.336
766,95427.336,94601.72
767,96684.62,95089.24
768,94392.26,94577.914
769,94669.3,94551.13
770,94436.96,94506.77
771,94983.82,94786.27
772,94350.37,94453.14
773,95061.14,94690.78
774,94873.0,94578.05
775,94753.445,94624.836
776,96686.016,95066.414
777,92274.42,93118.22
778,95750.516,94950.125
779,93973.2,94396.6
780,94800.01,94620.484
781,94550.03,94511.03
782,94978.36,94554.89
783,94340.0,94518.84
784,95510.95,94914.52
785,94496.516,94625.66
786,94243.09,94328.27
787,92050.87,93106.62
788,97084.01,95317.38
789,94960.39,94576.734
790,94681.98,94461.94
791,96490.36,95244.68
792,96425.62,95286.67
793,96537.61,95211.22
794,96278.31,95184.91
795,94740.67,94534.35
796,95184.05,94802.9
797,94422.0,94526.19
798,94459.836,94558.336
799,94321.836,94316.47
800,94743.37,94648.695
801,94374.03,94342.28
802,94337.5,94586.99
803,94223.57,94498.26
804,94883.84,94557.66
805,93497.1,94246.9
806,94683.984,94541.77
807,93049.22,93937.35
808,94963.01,94892.46
809,94265.4,94247.68
810,89417.88,92628.76
811,94240.01,94504.43
812,94607.07,94563.1
813,93745.02,94235.195
814,93758.03,94273.125
815,96433.74,94793.766
816,94099.98,94558.9
817,94035.75,94482.75
818,95220.164,94671.4
819,94914.25,94683.91
820,94352.055,94313.2
821,96622.01,95110.664
822,91738.7,93187.086
823,92772.52,94158.195
824,94344.03,94413.88
825,94207.125,94552.86
826,95148.32,94607.69
827,95127.99,94754.984
828,91358.9,93585.695
829,96611.58,95117.24
830,94439.28,94536.18
831,94286.72,94541.35
832,95468.945,95046.336
833,95388.64,94624.19
834,93921.78,94336.52
835,92374.03,93398.586
836,95083.07,94719.23
837,94625.75,94431.51
838,95609.74,95053.31
839,94353.63,94581.9
840,94935.0,94605.734
841,93307.08,93883.23
842,91508.945,93075.086
843,94426.56,94517.94
844,94914.11,94420.195
845,93400.04,94311.484
846,94806.95,94666.33
847,93712.0,94585.65
848,92027.29,93149.0
849,93991.51,94356.57
850,94098.625,94520.81
851,94648.28,94527.195
852,93068.39,93899.0
853,94242.42,94395.37
854,95079.12,94891.72
855,94168.53,94378.07
856,94565.53,94565.69
857,96285.78,94996.664
858,94722.46,94618.78
859,96447.65,95220.21
860,94024.99,94433.82
861,94107.3,94431.586
862,94227.734,94521.13
863,96327.05,95186.14
864,91331.17,92425.39
865,94759.29,94551.24
866,94495.984,94547.586
867,94276.555,94396.73
868,94410.21,94540.97
869,94326.33,94606.14
870,96524.8,95066.516
871,92652.59,93825.45
872,91111.45,92656.98
873,95040.5,94576.586
874,94971.15,94572.88
875,94608.54,94619.15
876,92774.79,93047.49
877,94593.74,94559.32
878,95737.336,94604.39
879,94440.39,94542.05
880,92749.67,93905.12
881,93650.99,94223.445
882,94558.734,94392.3
883,94221.93,94471.45
884,92168.984,93769.36
885,94622.08,94492.03
886,93683.055,94151.055
887,94454.26,94625.85
888,94955.52,94571.51
889,94590.55,94547.4
890,94923.99,95039.85
891,96469.12,95081.46
892,93385.64,94072.14
893,94181.37,94462.04
894,92128.26,92836.65
895,93901.39,94427.02
896,96631.266,95119.17
897,94668.77,94654.98
898,91735.63,93105.28
899,94499.42,94487.14
900,93708.14,94259.21
901,96741.25,95107.06
902,94880.0,94803.88
903,94501.28,94361.7
904,96267.98,95005.5
905,94837.86,94556.58
906,93494.72,94116.45
907,94963.98,94796.516
908,94999.32,94721.49
909,94991.586,94539.04
910,94172.93,94571.28
911,96296.0,95040.84
912,94454.77,94511.69
913,94154.086,94594.14
914,93798.0,94407.43
915,95915.16,94991.25
916,94809.51,94576.1
917,94308.0,94275.625
918,93878.86,94204.76
919,94818.18,94640.68
920,94405.0,94597.14
921,95370.77,94876.21
922,94540.0,94560.87
923,94756.0,94630.51
924,95654.88,94944.43
925,94492.0,94553.83
926,94263.05,94400.22
927,95335.64,94876.97
928,95235.89,94886.516
929,94220.31,94437.95
930,94236.805,94500.74
931,94556.52,94444.82
932,94531.6,94495.87
933,94436.01,94601.81
934,96600.66,95117.84
935,93905.67,94421.93
936,93789.54,94205.33
937,91540.73,93518.805
938,95800.01,94983.92
939,93437.38,94094.98
940,96529.695,94829.12
941,94477.44,94553.09
942,94584.01,94590.05
943,94041.21,94395.07
944,93918.93,94421.3
945,96531.68,95224.57
946,93197.64,93924.09
947,93688.33,94211.55
948,92094.1,93333.17
949,96791.89,94866.87
950,94667.164,94535.625
951,95328.86,94872.07
952,91239.56,92761.07
953,94710.43,94725.92
954,92455.53,93557.07
955,91765.85,92772.22
956,95185.67,94688.56
957,95988.0,94997.71
958,95152.0,94724.28
959,92662.63,94073.05
960,94375.01,94497.164
961,94363.64,94420.66
962,94529.484,94497.8
963,94074.84,94431.81
964,96239.67,95001.78
965,94943.0,94793.14
966,94040.51,94423.516
967,94424.24,94524.195
968,94690.35,94449.39
969,96660.34,95064.51
970,94227.5,94431.19
971,94344.0,94204.53
972,94820.23,94623.79
973,96718.48,95075.64
974,95056.84,94665.89
975,94772.984,94600.5
976,94700.016,94556.805
977,96923.21,95299.46
978,94854.625,94574.664
979,94474.97,94370.59
980,94580.01,94452.56
981,95435.29,94620.71
982,96831.99,95000.914
983,94013.5,94401.81
984,94455.39,94419.69
985,93904.5,94262.31
986,92628.46,93767.625
987,94303.484,94210.2
988,94621.49,94469.836
989,96764.9,95111.21
990,94373.08,94352.945
991,93016.38,94539.31
992,94922.23,94584.36
993,94758.86,94629.94
994,94713.12,94533.52
995,93030.875,94072.1
996,93221.586,94308.664
997,94157.516,94391.26
998,95217.39,94726.77
999,95279.85,94899.9
1000,94387.25,94507.61
1001,93858.77,94502.52
1002,94775.69,94650.82
1003,92211.87,93333.31
1004,94487.336,94408.48
1005,94891.98,94913.164
1006,90586.875,92754.41
1007,95078.86,94875.49
1008,91894.61,93061.32
1009,94877.85,94415.21
1010,96513.96,95080.586
1011,94468.16,94487.99
1012,94696.59,94562.9
1013,96971.93,95311.1
1014,94357.82,94509.414
1015,95072.29,94810.62
1016,94677.45,94577.96
1017,94084.33,94449.77
1018,94710.36,94740.88
1019,93054.58,93913.42
1020,94969.24,94658.1
1021,94537.36,94489.67
1022,94204.0,94400.88
1023,94842.85,94583.26
1024,94964.02,94559.9
1025,94062.945,94302.14
1026,95038.01,94666.0
1027,96319.99,95175.52
1028,94645.95,94221.45
1029,96796.51,95153.27
1030,92150.3,93774.26
1031,92806.93,93727.71
1032,94231.56,94425.06
1033,92588.016,93512.66
1034,94991.59,94560.06
1035,94182.67,94433.69
1036,94870.266,94695.055
1037,94828.73,94591.43
1038,93871.97,94358.766
1039,93802.0,94491.92
1040,95877.84,95060.36
1041,94382.23,94327.62
1042,95071.21,94629.69
1043,92113.54,93452.01
1044,94383.195,94323.0
1045,94439.26,94365.99
1046,94424.72,94522.3
1047,95167.07,94943.67
1048,95990.06,95050.695
1049,95110.63,94573.984
1050,93705.695,94196.13
1051,94693.87,94441.66
1052,92149.055,93808.73
1053,94548.35,94570.67
1054,94744.15,94590.86
1055,94161.81,94409.39
1056,95027.734,94782.37
1057,93576.25,94119.59
1058,95384.0,94879.38
1059,95312.0,94733.91
1060,95540.84,95074.89
1061,91811.94,93169.95
1062,94352.74,94215.15
1063,97151.46,94922.21
1064,94446.48,94592.68
1065,95091.18,94673.41
1066,93258.484,94157.08
1067,96306.336,95216.42
1068,95113.69,94544.25
1069,94162.375,94380.484
1070,94438.34,94585.29
1071,93091.13,94011.61
1072,94448.375,94531.53
1073,94650.87,94550.48
1074,96432.01,94990.07
1075,94890.04,94570.336
1076,94355.6,94395.61
1077,93631.234,94473.375
1078,94364.38,94525.11
1079,94767.0,94646.24
1080,94352.14,94562.1
1081,94338.73,94326.73
1082,93231.96,94302.4
1083,94734.5,94643.79
1084,92711.28,93336.625
1085,94500.08,94579.08
1086,91715.23,92815.28
1087,95019.44,94557.86
1088,91610.01,93560.07
1089,96921.97,95084.43
1090,91210.0,93091.04
1091,94668.82,94451.805
1092,94389.25,94448.5
1093,93189.43,94159.164
1094,93018.836,93957.85
1095,94207.65,94435.99
1096,92154.97,93020.7
1097,95242.43,94801.195
1098,94341.61,94538.984
1099,94694.47,94634.06
1100,94423.734,94539.56
1101,96635.68,95123.64
1102,94515.164,94448.2
1103,95637.3,94960.26
1104,94869.35,94623.2
1105,95031.234,94561.12
1106,96032.01,94925.016
1107,94623.84,94396.22
1108,93825.54,94308.11
1109,93902.26,94501.87
1110,94238.72,94376.73
1111,94689.96,94643.71
1112,94995.75,94903.91
1113,93767.5,94265.76
1114,95921.11,95051.68
1115,96223.85,95029.04
1116,95183.83,94721.84
1117,90762.18,92948.42
1118,95000.0,94797.2
1119,94450.0,94503.43
1120,96060.805,94991.93
1121,94847.06,94589.04
1122,95650.01,94991.7
1123,93899.984,94387.79
1124,94888.68,94649.98
1125,94137.71,94312.11
1126,91412.125,92776.77
1127,96684.01,95100.3
1128,94318.98,94499.86
1129,92142.75,93845.24
1130,96490.03,95214.04
1131,92261.61,93297.7
1132,94175.99,94409.336
1133,94033.625,94519.53
1134,92750.84,93705.945
1135,94947.99,94602.32
1136,94345.71,94350.555
1137,96602.29,95092.64
1138,94971.28,94699.02
1139,93797.766,94509.13
1140,93266.28,94324.63
1141,95084.18,94583.73
1142,95124.96,94909.195
1143,95400.44,94839.0
1144,93744.08,94316.12
1145,94284.78,94474.97
1146,93489.95,94194.1
1147,94737.49,94591.78
1148,94680.97,94429.44
1149,92499.72,93544.19
1150,93543.67,94035.57
1151,94645.984,94499.59
1152,96639.09,95113.66
1153,95961.016,95064.58
1154,94341.484,94506.055
1155,93610.36,94164.03
1156,91951.52,93095.1
1157,95075.17,94813.07
1158,95168.695,94743.77
1159,95028.01,94567.55
1160,95564.82,94604.82
1161,94484.36,94597.664
1162,97316.29,94986.28
1163,94197.37,94440.08
1164,92140.96,93426.52
1165,91397.016,93418.414
1166,94691.45,94633.484
1167,94327.55,94238.25
1168,95187.66,94796.27
1169,94860.49,94577.83
1170,94773.12,94694.016
1171,94781.51,94664.47
1172,94463.766,94403.88
1173,96368.26,95080.74
1174,92077.55,93443.63
1175,94627.99,94556.22
1176,94969.7,94627.19
1177,94681.64,94511.97
1178,94779.89,94660.27
1179,96509.414,95075.43
1180,94113.04,94522.84
1181,92112.41,93386.41
1182,91829.195,93156.82
1183,93364.36,94097.9
1184,94910.18,94675.17
1185,93828.01,93963.47
1186,94165.41,94407.58
1187,94347.445,94325.805
1188,94798.3,94491.17
1189,94575.766,94560.29
1190,94062.03,94507.6
1191,94637.66,94621.44
1192,96074.93,94951.266
1193,95300.35,94916.6
1194,96031.7,94980.1
1195,94778.83,94667.19
1196,94548.805,94569.33
1197,94375.33,94537.3
1198,94666.8,94549.87
1199,93654.63,94096.516
1200,93970.03,94540.92
1201,94787.0,94653.13
1202,94958.47,94604.26
1203,94484.25,94549.53
1204,94573.695,94392.79
1205,94920.13,94807.86
1206,94336.42,94448.16
1207,94318.58,94471.92
1208,95303.375,94832.97
1209,94205.9,94483.125
1210,96152.45,95004.13
1211,94388.49,94566.18
1212,94505.35,94496.234
1213,94794.586,94578.07
1214,94182.12,94423.62
1215,95825.1,94758.055
1216,94771.99,94642.37
1217,95129.51,94909.24
1218,94489.875,94409.16
1219,97086.695,95002.37
1220,94329.45,94346.67
1221,95202.7,94911.945
1222,95173.32,94580.016
1223,92704.73,93749.86
1224,94384.01,94481.95
1225,92692.12,94047.22
1226,94715.586,94554.945
1227,93535.2,94399.08
1228,94466.266,94410.81
1229,92680.0,94085.2
1230,94220.0,94528.47
1231,94474.39,94588.16
1232,94144.0,94340.47
1233,96472.8,95221.555
1234,91480.54,93380.32
1235,94826.125,94596.68
1236,94170.01,94447.516
1237,93006.29,94200.13
1238,92190.58,93007.9
1239,92380.79,93522.89
1240,96621.78,95085.52
1241,92298.9,93081.24
1242,95292.44,95056.17
1243,96589.086,95122.38
1244,94386.305,94506.766
1245,94150.59,94436.48
1246,91950.69,93062.38
1247,94051.61,94451.68
1248,91050.555,93157.99
1249,93192.49,94085.74
1250,94597.02,94563.86
1251,95316.14,94917.93
1252,95647.375,94944.84
1253,94895.11,94364.875
1254,94758.67,94660.51
1255,94666.64,94521.49
1256,93537.68,94298.11
1257,94492.63,94454.2
1258,96553.02,95212.234
1259,94600.69,94573.13
1260,91875.7,93708.695
1261,95856.84,94986.625
1262,94304.37,94469.68
1263,93452.63,94347.7
1264,94916.5,94648.38
1265,93503.18,94170.016
1266,94284.43,94405.93
1267,97219.21,94913.42
1268,93559.29,94266.7
1269,94795.46,94585.805
1270,95152.78,94571.69
1271,90761.945,92891.66
1272,92776.81,93712.14
1273,94071.766,94446.03
1274,94486.48,94614.305
1275,96613.305,95094.375
1276,93337.51,94225.38
1277,94678.805,94491.586
1278,96918.37,95123.92
1279,95555.3,95046.805
1280,94545.45,94560.08
1281,95550.055,94759.55
1282,94259.68,94525.516
1283,96612.32,95062.03
1284,95815.055,95138.54
1285,94064.71,94586.266
1286,93736.88,94251.58
1287,94799.99,94718.7
1288,94447.695,94567.23
1289,91494.38,92778.74
1290,96452.62,94994.44
1291,94245.1,94430.95
1292,94120.125,94435.484
1293,94191.08,94370.336
1294,93424.25,94145.92
1295,96532.5,95098.695
1296,94203.07,94332.46
1297,95454.54,94886.89
1298,96527.96,94962.32
1299,94026.6,94441.54
1300,93873.984,94202.65
1301,93873.945,94364.98
1302,94435.336,94523.81
1303,94303.64,94503.77
1304,97035.11,95316.33
1305,94811.49,94444.55
1306,96841.195,95097.95
1307,94594.26,94554.18
1308,95172.47,94907.086
1309,94145.664,94077.35
1310,94500.01,94569.875
1311,96917.54,95301.33
1312,91732.31,93663.44
1313,94446.11,94425.08
1314,92909.82,93904.94
1315,94601.36,94560.93
1316,94339.41,94451.51
1317,94165.03,94390.305
1318,94310.44,94577.11
1319,91198.29,92701.11
1320,95443.06,94614.84
1321,94105.02,94400.0
1322,96154.805,94993.67
1323,96807.68,95076.805
1324,91634.73,93025.234
1325,93426.14,94106.74
1326,94805.25,94593.766
1327,94849.4,94623.484
1328,94748.01,94546.305
1329,92906.39,93889.18
1330,92177.445,93777.055
1331,95701.48,94693.18
1332,94052.734,94278.22
1333,94594.32,94490.16
1334,94678.02,94804.516
1335,94329.79,94411.26
1336,93396.25,94044.84
1337,94690.29,94507.21
1338,92006.734,93719.08
1339,94370.58,94436.73
1340,94246.18,94421.94
1341,93636.37,94202.16
1342,94683.14,94635.34
1343,94941.98,94561.35
1344,96484.0,95095.02
1345,93813.47,94467.805
1346,96526.09,95102.76
1347,94166.8,94393.47
1348,94538.95,94507.06
1349,92168.016,93226.31
1350,94240.79,94489.39
1351,96700.89,94996.22
1352,94616.06,94548.96
1353,94993.46,94658.95
1354,94615.39,94577.99
1355,95226.43,94744.484
1356,92120.945,93177.11
1357,94192.086,94475.12
1358,93329.76,94219.03
1359,94594.95,94432.13
1360,95180.74,94723.57
1361,93314.11,94069.21
1362,94600.98,94554.03
1363,93379.36,94363.94
1364,93632.16,94175.3
1365,94734.38,94647.195
1366,94241.305,94393.77
1367,94632.234,94523.25
1368,94874.305,94839.734
1369,94508.3,94502.586
1370,94251.61,94574.805
1371,94469.06,94487.08
1372,91529.17,92829.266
1373,94911.266,94553.266
1374,91433.37,93068.92
1375,94421.89,94499.29
1376,92859.28,93901.73
1377,95898.65,94934.305
1378,95054.1,94728.25
1379,94909.1,94718.51
1380,94667.09,94632.35
1381,96402.0,95042.836
1382,94702.984,94599.43
1383,94454.52,94340.53
1384,92971.01,94020.42
1385,94464.0,94536.3
1386,94227.5,94418.31
1387,95407.1,94876.86
1388,94868.53,94583.23
1389,93156.016,94146.02
1390,94727.586,94590.266
1391,96547.79,95219.4
1392,93211.984,93961.23
1393,95971.77,94769.086
1394,94959.234,94719.836
1395,92240.47,92979.02
1396,92154.125,93902.26
1397,94889.72,94564.875
1398,94655.69,94639.164
1399,94247.23,94332.95
1400,94864.15,94626.414
1401,94312.695,94297.56
1402,94953.05,94653.54
1403,93019.35,93917.67
1404,94584.0,94551.46
1405,94000.0,94357.14
1406,94039.01,94518.52
1407,94449.39,94506.22
1408,94355.734,94387.32
1409,94216.58,94569.84
1410,94227.32,94578.69
1411,94299.22,94563.88
1412,94119.305,94391.83
1413,95756.99,95062.38
1414,94316.81,94580.71
1415,94113.11,94545.33
1416,92415.32,93531.72
1417,96930.76,95036.01
1418,96164.48,94929.19
1419,94423.375,94519.22
1420,94661.61,94469.73
1421,92954.016,93391.37
1422,95435.29,94616.945
1423,95592.016,94651.16
1424,91422.89,92774.82
1425,95041.21,94540.69
1426,93026.375,93958.76
1427,96579.98,95084.766
1428,94223.875,94511.11
1429,94672.055,94653.85
1430,94587.28,94576.625
1431,95937.18,95046.625
1432,93600.04,94478.67
1433,94331.82,94453.414
1434,94609.97,94500.56
1435,94444.78,94621.06
1436,93870.016,94397.85
1437,94700.0,94579.164
1438,94533.336,94536.125
1439,94927.94,94588.875
1440,94519.77,94558.555
1441,94752.93,94615.3
1442,96515.64,95111.29
1443,95823.03,95073.37
1444,94939.375,94815.336
1445,94519.99,94524.27
1446,94174.93,94345.805
1447,92965.1,93406.336
1448,96696.97,95063.125
1449,94592.414,94579.24
1450,95825.96,94983.92
1451,94212.42,94475.39
1452,95111.945,94405.28
1453,92493.28,92866.04
1454,94422.27,94317.98
1455,93985.36,94275.1
1456,94298.43,94423.32
1457,94014.0,94357.94
1458,94280.02,94381.28
1459,94421.99,94399.66
1460,94851.15,94594.59
1461,95099.99,94725.79
1462,94081.47,94497.01
1463,94178.18,93885.11
1464,96437.25,94964.945
1465,92726.92,93671.875
1466,94504.336,94574.164
1467,94359.09,94586.74
1468,96702.695,95109.72
1469,95556.42,95072.13
1470,94300.02,94413.12
1471,97037.39,95313.27
1472,91706.195,92988.15
1473,94763.37,94639.91
1474,93679.58,94209.234
1475,96640.0,95092.85
1476,95015.35,94813.27
1477,94600.07,94558.92
1478,94990.555,94561.164
1479,94451.086,94623.58
1480,94795.96,94595.195
1481,94442.03,94412.32
1482,96605.17,95115.266
1483,93444.73,94054.52
1484,94039.36,94478.5
1485,94593.32,94574.17
1486,94133.25,94274.7
1487,91295.0,93605.67
1488,96869.61,95002.695
1489,94529.36,94505.93
1490,96696.97,95296.62
